Location ='﻿USA' or
Location ='United States' or
Location ='US' or
Location ='Alabama' or
Location ='Alexander City' or
Location ='Andalusia' or
Location ='Anniston' or
Location ='Athens' or
Location ='Atmore' or
Location ='Auburn' or
Location ='Bessemer' or
Location ='Birmingham' or
Location ='Chickasaw' or
Location ='Clanton' or
Location ='Cullman' or
Location ='Decatur' or
Location ='Demopolis' or
Location ='Dothan' or
Location ='Enterprise' or
Location ='Eufaula' or
Location ='Florence' or
Location ='Fort Payne' or
Location ='Gadsden' or
Location ='Greenville' or
Location ='Guntersville' or
Location ='Huntsville' or
Location ='Jasper' or
Location ='Marion' or
Location ='Mobile' or
Location ='Montgomery' or
Location ='Opelika' or
Location ='Ozark' or
Location ='Phenix City' or
Location ='Prichard' or
Location ='Scottsboro' or
Location ='Selma' or
Location ='Sheffield' or
Location ='Sylacauga' or
Location ='Talladega' or
Location ='Troy' or
Location ='Tuscaloosa' or
Location ='Tuscumbia' or
Location ='Tuskegee' or
Location ='Alaska' or
Location ='Anchorage' or
Location ='Cordova' or
Location ='Fairbanks' or
Location ='Haines' or
Location ='Homer' or
Location ='Juneau' or
Location ='Ketchikan' or
Location ='Kodiak' or
Location ='Kotzebue' or
Location ='Nome' or
Location ='Palmer' or
Location ='Seward' or
Location ='Sitka' or
Location ='Skagway' or
Location ='Valdez' or
Location ='Arizona' or
Location ='Ajo' or
Location ='Avondale' or
Location ='Bisbee' or
Location ='Casa Grande' or
Location ='Chandler' or
Location ='Clifton' or
Location ='Douglas' or
Location ='Flagstaff' or
Location ='Gila Bend' or
Location ='Glendale' or
Location ='Globe' or
Location ='Kingman' or
Location ='Lake Havasu City' or
Location ='Mesa' or
Location ='Nogales' or
Location ='Oraibi' or
Location ='Phoenix' or
Location ='Prescott' or
Location ='Scottsdale' or
Location ='Sierra Vista' or
Location ='Tempe' or
Location ='Tombstone' or
Location ='Tucson' or
Location ='Walpi' or
Location ='Window Rock' or
Location ='Winslow' or
Location ='Yuma' or
Location ='Arkansas' or
Location ='Arkadelphia' or
Location ='Arkansas Post' or
Location ='Batesville' or
Location ='Benton' or
Location ='Blytheville' or
Location ='Camden' or
Location ='Conway' or
Location ='Crossett' or
Location ='El Dorado' or
Location ='Fayetteville' or
Location ='Forrest City' or
Location ='Fort Smith' or
Location ='Harrison' or
Location ='Helena' or
Location ='Hope' or
Location ='Hot Springs' or
Location ='Jacksonville' or
Location ='Jonesboro' or
Location ='Little Rock' or
Location ='Magnolia' or
Location ='Morrilton' or
Location ='Newport' or
Location ='North Little Rock' or
Location ='Osceola' or
Location ='Pine Bluff' or
Location ='Rogers' or
Location ='Searcy' or
Location ='Stuttgart' or
Location ='Van Buren' or
Location ='West Memphis' or
Location ='California' or
Location ='Alameda' or
Location ='Alhambra' or
Location ='Anaheim' or
Location ='Antioch' or
Location ='Arcadia' or
Location ='Bakersfield' or
Location ='Barstow' or
Location ='Belmont' or
Location ='Berkeley' or
Location ='Beverly Hills' or
Location ='Brea' or
Location ='Buena Park' or
Location ='Burbank' or
Location ='Calexico' or
Location ='Calistoga' or
Location ='Carlsbad' or
Location ='Carmel' or
Location ='Chico' or
Location ='Chula Vista' or
Location ='Claremont' or
Location ='Compton' or
Location ='Concord' or
Location ='Corona' or
Location ='Coronado' or
Location ='Costa Mesa' or
Location ='Culver City' or
Location ='Daly City' or
Location ='Davis' or
Location ='Downey' or
Location ='El Centro' or
Location ='El Cerrito' or
Location ='El Monte' or
Location ='Escondido' or
Location ='Eureka' or
Location ='Fairfield' or
Location ='Fontana' or
Location ='Fremont' or
Location ='Fresno' or
Location ='Fullerton' or
Location ='Garden Grove' or
Location ='Hayward' or
Location ='Hollywood' or
Location ='Huntington Beach' or
Location ='Indio' or
Location ='Inglewood' or
Location ='Irvine' or
Location ='La Habra' or
Location ='Laguna Beach' or
Location ='Lancaster' or
Location ='Livermore' or
Location ='Lodi' or
Location ='Lompoc' or
Location ='Long Beach' or
Location ='Los Angeles' or
Location ='Malibu' or
Location ='Martinez' or
Location ='Marysville' or
Location ='Menlo Park' or
Location ='Merced' or
Location ='Modesto' or
Location ='Monterey' or
Location ='Mountain View' or
Location ='Napa' or
Location ='Needles' or
Location ='Newport Beach' or
Location ='Norwalk' or
Location ='Novato' or
Location ='Oakland' or
Location ='Oceanside' or
Location ='Ojai' or
Location ='Ontario' or
Location ='Orange' or
Location ='Oroville' or
Location ='Oxnard' or
Location ='Pacific Grove' or
Location ='Palm Springs' or
Location ='Palmdale' or
Location ='Palo Alto' or
Location ='Pasadena' or
Location ='Petaluma' or
Location ='Pomona' or
Location ='Port Hueneme' or
Location ='Rancho Cucamonga' or
Location ='Red Bluff' or
Location ='Redding' or
Location ='Redlands' or
Location ='Redondo Beach' or
Location ='Redwood City' or
Location ='Richmond' or
Location ='Riverside' or
Location ='Roseville' or
Location ='Sacramento' or
Location ='Salinas' or
Location ='San Bernardino' or
Location ='San Clemente' or
Location ='San Diego' or
Location ='San Fernando' or
Location ='San Francisco' or
Location ='San Gabriel' or
Location ='San Jose' or
Location ='San Juan Capistrano' or
Location ='San Leandro' or
Location ='San Luis Obispo' or
Location ='San Marino' or
Location ='San Mateo' or
Location ='San Pedro' or
Location ='San Rafael' or
Location ='San Simeon' or
Location ='Santa Ana' or
Location ='Santa Barbara' or
Location ='Santa Clara' or
Location ='Santa Clarita' or
Location ='Santa Cruz' or
Location ='Santa Monica' or
Location ='Santa Rosa' or
Location ='Sausalito' or
Location ='Simi Valley' or
Location ='Sonoma' or
Location ='South San Francisco' or
Location ='Stockton' or
Location ='Sunnyvale' or
Location ='Susanville' or
Location ='Thousand Oaks' or
Location ='Torrance' or
Location ='Turlock' or
Location ='Ukiah' or
Location ='Vallejo' or
Location ='Ventura' or
Location ='Victorville' or
Location ='Visalia' or
Location ='Walnut Creek' or
Location ='Watts' or
Location ='West Covina' or
Location ='Whittier' or
Location ='Woodland' or
Location ='Yorba Linda' or
Location ='Yuba City' or
Location ='Colorado' or
Location ='Alamosa' or
Location ='Aspen' or
Location ='Aurora' or
Location ='Boulder' or
Location ='Breckenridge' or
Location ='Brighton' or
Location ='Canon City' or
Location ='Central City' or
Location ='Climax' or
Location ='Colorado Springs' or
Location ='Cortez' or
Location ='Cripple Creek' or
Location ='Denver' or
Location ='Durango' or
Location ='Englewood' or
Location ='Estes Park' or
Location ='Fort Collins' or
Location ='Fort Morgan' or
Location ='Georgetown' or
Location ='Glenwood Springs' or
Location ='Golden' or
Location ='Grand Junction' or
Location ='Greeley' or
Location ='Gunnison' or
Location ='La Junta' or
Location ='Leadville' or
Location ='Littleton' or
Location ='Longmont' or
Location ='Loveland' or
Location ='Montrose' or
Location ='Ouray' or
Location ='Pagosa Springs' or
Location ='Pueblo' or
Location ='Silverton' or
Location ='Steamboat Springs' or
Location ='Sterling' or
Location ='Telluride' or
Location ='Trinidad' or
Location ='Vail' or
Location ='Walsenburg' or
Location ='Westminster' or
Location ='Connecticut' or
Location ='Ansonia' or
Location ='Berlin' or
Location ='Bloomfield' or
Location ='Branford' or
Location ='Bridgeport' or
Location ='Bristol' or
Location ='Coventry' or
Location ='Danbury' or
Location ='Darien' or
Location ='Derby' or
Location ='East Hartford' or
Location ='East Haven' or
Location ='Enfield' or
Location ='Farmington' or
Location ='Greenwich' or
Location ='Groton' or
Location ='Guilford' or
Location ='Hamden' or
Location ='Hartford' or
Location ='Lebanon' or
Location ='Litchfield' or
Location ='Manchester' or
Location ='Mansfield' or
Location ='Meriden' or
Location ='Middletown' or
Location ='Milford' or
Location ='Mystic' or
Location ='Naugatuck' or
Location ='New Britain' or
Location ='New Haven' or
Location ='New London' or
Location ='North Haven' or
Location ='Norwich' or
Location ='Old Saybrook' or
Location ='Seymour' or
Location ='Shelton' or
Location ='Simsbury' or
Location ='Southington' or
Location ='Stamford' or
Location ='Stonington' or
Location ='Stratford' or
Location ='Torrington' or
Location ='Wallingford' or
Location ='Waterbury' or
Location ='Waterford' or
Location ='Watertown' or
Location ='West Hartford' or
Location ='West Haven' or
Location ='Westport' or
Location ='Wethersfield' or
Location ='Willimantic' or
Location ='Windham' or
Location ='Windsor' or
Location ='Windsor Locks' or
Location ='Winsted' or
Location ='Delaware' or
Location ='Dover' or
Location ='Lewes' or
Location ='New Castle' or
Location ='Newark' or
Location ='Smyrna' or
Location ='Wilmington' or
Location ='Florida' or
Location ='Apalachicola' or
Location ='Bartow' or
Location ='Belle Glade' or
Location ='Boca Raton' or
Location ='Bradenton' or
Location ='Cape Coral' or
Location ='Clearwater' or
Location ='Cocoa Beach' or
Location ='Cocoa-Rockledge' or
Location ='Coral Gables' or
Location ='Daytona Beach' or
Location ='De Land' or
Location ='Deerfield Beach' or
Location ='Delray Beach' or
Location ='Fernandina Beach' or
Location ='Fort Lauderdale' or
Location ='Fort Myers' or
Location ='Fort Pierce' or
Location ='Fort Walton Beach' or
Location ='Gainesville' or
Location ='Hallandale Beach' or
Location ='Hialeah' or
Location ='Homestead' or
Location ='Key West' or
Location ='Lake City' or
Location ='Lake Wales' or
Location ='Lakeland' or
Location ='Largo' or
Location ='Melbourne' or
Location ='Miami' or
Location ='Miami Beach' or
Location ='Naples' or
Location ='New Smyrna Beach' or
Location ='Ocala' or
Location ='Orlando' or
Location ='Ormond Beach' or
Location ='Palatka' or
Location ='Palm Bay' or
Location ='Palm Beach' or
Location ='Panama City' or
Location ='Pensacola' or
Location ='Pompano Beach' or
Location ='Saint Augustine' or
Location ='Saint Petersburg' or
Location ='Sanford' or
Location ='Sarasota' or
Location ='Sebring' or
Location ='Tallahassee' or
Location ='Tampa' or
Location ='Tarpon Springs' or
Location ='Titusville' or
Location ='Venice' or
Location ='West Palm Beach' or
Location ='White Springs' or
Location ='Winter Haven' or
Location ='Winter Park' or
Location ='Georgia' or
Location ='Albany' or
Location ='Americus' or
Location ='Andersonville' or
Location ='Atlanta' or
Location ='Augusta' or
Location ='Bainbridge' or
Location ='Blairsville' or
Location ='Brunswick' or
Location ='Calhoun' or
Location ='Carrollton' or
Location ='Columbus' or
Location ='Dahlonega' or
Location ='Dalton' or
Location ='East Point' or
Location ='Fitzgerald' or
Location ='Fort Valley' or
Location ='La Grange' or
Location ='Macon' or
Location ='Marietta' or
Location ='Milledgeville' or
Location ='Plains' or
Location ='Rome' or
Location ='Savannah' or
Location ='Toccoa' or
Location ='Valdosta' or
Location ='Warm Springs' or
Location ='Warner Robins' or
Location ='Washington' or
Location ='Waycross' or
Location ='Hawaii' or
Location ='Hanalei' or
Location ='Hilo' or
Location ='Honaunau' or
Location ='Honolulu' or
Location ='Kahului' or
Location ='Kaneohe' or
Location ='Kapaa' or
Location ='Kawaihae' or
Location ='Lahaina' or
Location ='Laie' or
Location ='Wahiawa' or
Location ='Wailuku' or
Location ='Waimea' or
Location ='Idaho' or
Location ='Blackfoot' or
Location ='Boise' or
Location ='Bonners Ferry' or
Location ='Caldwell' or
Location ='Coeur d’Alene' or
Location ='Idaho City' or
Location ='Idaho Falls' or
Location ='Kellogg' or
Location ='Lewiston' or
Location ='Moscow' or
Location ='Nampa' or
Location ='Pocatello' or
Location ='Priest River' or
Location ='Rexburg' or
Location ='Sun Valley' or
Location ='Twin Falls' or
Location ='Illinois' or
Location ='Alton' or
Location ='Arlington Heights' or
Location ='Arthur' or
Location ='Belleville' or
Location ='Belvidere' or
Location ='Bloomington' or
Location ='Brookfield' or
Location ='Cahokia' or
Location ='Cairo' or
Location ='Calumet City' or
Location ='Canton' or
Location ='Carbondale' or
Location ='Carlinville' or
Location ='Carthage' or
Location ='Centralia' or
Location ='Champaign' or
Location ='Charleston' or
Location ='Chester' or
Location ='Chicago' or
Location ='Chicago Heights' or
Location ='Cicero' or
Location ='Collinsville' or
Location ='Danville' or
Location ='DeKalb' or
Location ='Des Plaines' or
Location ='Dixon' or
Location ='East Moline' or
Location ='East Saint Louis' or
Location ='Effingham' or
Location ='Elgin' or
Location ='Elmhurst' or
Location ='Evanston' or
Location ='Freeport' or
Location ='Galena' or
Location ='Galesburg' or
Location ='Glen Ellyn' or
Location ='Glenview' or
Location ='Granite City' or
Location ='Harrisburg' or
Location ='Herrin' or
Location ='Highland Park' or
Location ='Joliet' or
Location ='Kankakee' or
Location ='Kaskaskia' or
Location ='Kewanee' or
Location ='La Salle' or
Location ='Lake Forest' or
Location ='Libertyville' or
Location ='Lincoln' or
Location ='Lisle' or
Location ='Lombard' or
Location ='Macomb' or
Location ='Mattoon' or
Location ='Moline' or
Location ='Monmouth' or
Location ='Mount Vernon' or
Location ='Mundelein' or
Location ='Naperville' or
Location ='Nauvoo' or
Location ='Normal' or
Location ='North Chicago' or
Location ='Oak Park' or
Location ='Oregon' or
Location ='Ottawa' or
Location ='Palatine' or
Location ='Park Forest' or
Location ='Park Ridge' or
Location ='Pekin' or
Location ='Peoria' or
Location ='Petersburg' or
Location ='Pontiac' or
Location ='Quincy' or
Location ='Rantoul' or
Location ='River Forest' or
Location ='Rock Island' or
Location ='Rockford' or
Location ='Salem' or
Location ='Shawneetown' or
Location ='Skokie' or
Location ='South Holland' or
Location ='Springfield' or
Location ='Streator' or
Location ='Summit' or
Location ='Urbana' or
Location ='Vandalia' or
Location ='Virden' or
Location ='Waukegan' or
Location ='Wheaton' or
Location ='Wilmette' or
Location ='Winnetka' or
Location ='Wood River' or
Location ='Zion' or
Location ='Indiana' or
Location ='Anderson' or
Location ='Bedford' or
Location ='Connersville' or
Location ='Corydon' or
Location ='Crawfordsville' or
Location ='East Chicago' or
Location ='Elkhart' or
Location ='Elwood' or
Location ='Evansville' or
Location ='Fort Wayne' or
Location ='French Lick' or
Location ='Gary' or
Location ='Geneva' or
Location ='Goshen' or
Location ='Greenfield' or
Location ='Hammond' or
Location ='Hobart' or
Location ='Huntington' or
Location ='Indianapolis' or
Location ='Jeffersonville' or
Location ='Kokomo' or
Location ='Lafayette' or
Location ='Madison' or
Location ='Michigan City' or
Location ='Mishawaka' or
Location ='Muncie' or
Location ='Nappanee' or
Location ='Nashville' or
Location ='New Albany' or
Location ='New Harmony' or
Location ='Peru' or
Location ='Plymouth' or
Location ='Santa Claus' or
Location ='Shelbyville' or
Location ='South Bend' or
Location ='Terre Haute' or
Location ='Valparaiso' or
Location ='Vincennes' or
Location ='Wabash' or
Location ='West Lafayette' or
Location ='Iowa' or
Location ='Amana Colonies' or
Location ='Ames' or
Location ='Boone' or
Location ='Burlington' or
Location ='Cedar Falls' or
Location ='Cedar Rapids' or
Location ='Charles City' or
Location ='Cherokee' or
Location ='Clinton' or
Location ='Council Bluffs' or
Location ='Davenport' or
Location ='Des Moines' or
Location ='Dubuque' or
Location ='Estherville' or
Location ='Fort Dodge' or
Location ='Grinnell' or
Location ='Indianola' or
Location ='Iowa City' or
Location ='Keokuk' or
Location ='Mason City' or
Location ='Mount Pleasant' or
Location ='Muscatine' or
Location ='Newton' or
Location ='Oskaloosa' or
Location ='Ottumwa' or
Location ='Sioux City' or
Location ='Waterloo' or
Location ='Webster City' or
Location ='West Des Moines' or
Location ='Kansas' or
Location ='Abilene' or
Location ='Arkansas City' or
Location ='Atchison' or
Location ='Chanute' or
Location ='Coffeyville' or
Location ='Council Grove' or
Location ='Dodge City' or
Location ='Emporia' or
Location ='Fort Scott' or
Location ='Garden City' or
Location ='Great Bend' or
Location ='Hays' or
Location ='Hutchinson' or
Location ='Independence' or
Location ='Junction City' or
Location ='Kansas City' or
Location ='Lawrence' or
Location ='Leavenworth' or
Location ='Liberal' or
Location ='Manhattan' or
Location ='McPherson' or
Location ='Medicine Lodge' or
Location ='Olathe' or
Location ='Osawatomie' or
Location ='Overland Park' or
Location ='Pittsburg' or
Location ='Salina' or
Location ='Shawnee' or
Location ='Smith Center' or
Location ='Topeka' or
Location ='Wichita' or
Location ='Kentucky' or
Location ='Ashland' or
Location ='Barbourville' or
Location ='Bardstown' or
Location ='Berea' or
Location ='Boonesborough' or
Location ='Bowling Green' or
Location ='Campbellsville' or
Location ='Covington' or
Location ='Elizabethtown' or
Location ='Frankfort' or
Location ='Harlan' or
Location ='Harrodsburg' or
Location ='Hazard' or
Location ='Henderson' or
Location ='Hodgenville' or
Location ='Hopkinsville' or
Location ='Lexington' or
Location ='Louisville' or
Location ='Mayfield' or
Location ='Maysville' or
Location ='Middlesboro' or
Location ='Owensboro' or
Location ='Paducah' or
Location ='Paris' or
Location ='Louisiana' or
Location ='Abbeville' or
Location ='Alexandria' or
Location ='Bastrop' or
Location ='Baton Rouge' or
Location ='Bogalusa' or
Location ='Bossier City' or
Location ='Gretna' or
Location ='Houma' or
Location ='Lake Charles' or
Location ='Monroe' or
Location ='Morgan City' or
Location ='Natchitoches' or
Location ='New Iberia' or
Location ='New Orleans' or
Location ='Opelousas' or
Location ='Ruston' or
Location ='Saint Martinville' or
Location ='Shreveport' or
Location ='Thibodaux' or
Location ='Maine' or
Location ='Bangor' or
Location ='Bar Harbor' or
Location ='Bath' or
Location ='Belfast' or
Location ='Biddeford' or
Location ='Boothbay Harbor' or
Location ='Calais' or
Location ='Caribou' or
Location ='Castine' or
Location ='Eastport' or
Location ='Ellsworth' or
Location ='Fort Kent' or
Location ='Gardiner' or
Location ='Houlton' or
Location ='Kennebunkport' or
Location ='Kittery' or
Location ='Lubec' or
Location ='Machias' or
Location ='Orono' or
Location ='Portland' or
Location ='Presque Isle' or
Location ='Rockland' or
Location ='Rumford' or
Location ='Saco' or
Location ='Scarborough' or
Location ='Waterville' or
Location ='York' or
Location ='Maryland' or
Location ='Aberdeen' or
Location ='Annapolis' or
Location ='Baltimore' or
Location ='Bethesda-Chevy Chase' or
Location ='Bowie' or
Location ='Cambridge' or
Location ='Catonsville' or
Location ='College Park' or
Location ='Columbia' or
Location ='Cumberland' or
Location ='Easton' or
Location ='Elkton' or
Location ='Emmitsburg' or
Location ='Frederick' or
Location ='Greenbelt' or
Location ='Hagerstown' or
Location ='Hyattsville' or
Location ='Laurel' or
Location ='Ocean City' or
Location ='Rockville' or
Location ='Saint Marys City' or
Location ='Salisbury' or
Location ='Silver Spring' or
Location ='Takoma Park' or
Location ='Towson' or
Location ='Massachusetts' or
Location ='Abington' or
Location ='Adams' or
Location ='Amesbury' or
Location ='Amherst' or
Location ='Andover' or
Location ='Arlington' or
Location ='Athol' or
Location ='Attleboro' or
Location ='Barnstable' or
Location ='Beverly' or
Location ='Boston' or
Location ='Bourne' or
Location ='Braintree' or
Location ='Brockton' or
Location ='Brookline' or
Location ='Charlestown' or
Location ='Chelmsford' or
Location ='Chelsea' or
Location ='Chicopee' or
Location ='Cohasset' or
Location ='Danvers' or
Location ='Dartmouth' or
Location ='Dedham' or
Location ='Dennis' or
Location ='Duxbury' or
Location ='Eastham' or
Location ='Edgartown' or
Location ='Everett' or
Location ='Fairhaven' or
Location ='Fall River' or
Location ='Falmouth' or
Location ='Fitchburg' or
Location ='Framingham' or
Location ='Gloucester' or
Location ='Great Barrington' or
Location ='Harwich' or
Location ='Haverhill' or
Location ='Hingham' or
Location ='Holyoke' or
Location ='Hyannis' or
Location ='Ipswich' or
Location ='Lenox' or
Location ='Leominster' or
Location ='Lowell' or
Location ='Ludlow' or
Location ='Lynn' or
Location ='Malden' or
Location ='Marblehead' or
Location ='Marlborough' or
Location ='Medford' or
Location ='Milton' or
Location ='Nahant' or
Location ='Natick' or
Location ='New Bedford' or
Location ='Newburyport' or
Location ='North Adams' or
Location ='Northampton' or
Location ='Norton' or
Location ='Norwood' or
Location ='Peabody' or
Location ='Pittsfield' or
Location ='Provincetown' or
Location ='Randolph' or
Location ='Revere' or
Location ='Sandwich' or
Location ='Saugus' or
Location ='Somerville' or
Location ='South Hadley' or
Location ='Stockbridge' or
Location ='Stoughton' or
Location ='Sturbridge' or
Location ='Sudbury' or
Location ='Taunton' or
Location ='Tewksbury' or
Location ='Truro' or
Location ='Webster' or
Location ='Wellesley' or
Location ='Wellfleet' or
Location ='West Bridgewater' or
Location ='West Springfield' or
Location ='Westfield' or
Location ='Weymouth' or
Location ='Whitman' or
Location ='Williamstown' or
Location ='Woburn' or
Location ='Woods Hole' or
Location ='Worcester' or
Location ='Michigan' or
Location ='Adrian' or
Location ='Alma' or
Location ='Ann Arbor' or
Location ='Battle Creek' or
Location ='Bay City' or
Location ='Benton Harbor' or
Location ='Bloomfield Hills' or
Location ='Cadillac' or
Location ='Charlevoix' or
Location ='Cheboygan' or
Location ='Dearborn' or
Location ='Detroit' or
Location ='East Lansing' or
Location ='Eastpointe' or
Location ='Ecorse' or
Location ='Escanaba' or
Location ='Flint' or
Location ='Grand Haven' or
Location ='Grand Rapids' or
Location ='Grayling' or
Location ='Grosse Pointe' or
Location ='Hancock' or
Location ='Holland' or
Location ='Houghton' or
Location ='Interlochen' or
Location ='Iron Mountain' or
Location ='Ironwood' or
Location ='Ishpeming' or
Location ='Jackson' or
Location ='Kalamazoo' or
Location ='Lansing' or
Location ='Livonia' or
Location ='Ludington' or
Location ='Mackinaw City' or
Location ='Manistee' or
Location ='Marquette' or
Location ='Menominee' or
Location ='Midland' or
Location ='Mount Clemens' or
Location ='Muskegon' or
Location ='Niles' or
Location ='Petoskey' or
Location ='Port Huron' or
Location ='Royal Oak' or
Location ='Saginaw' or
Location ='Saint Ignace' or
Location ='Saint Joseph' or
Location ='Sault Sainte Marie' or
Location ='Traverse City' or
Location ='Trenton' or
Location ='Warren' or
Location ='Wyandotte' or
Location ='Ypsilanti' or
Location ='Minnesota' or
Location ='Albert Lea' or
Location ='Austin' or
Location ='Bemidji' or
Location ='Brainerd' or
Location ='Crookston' or
Location ='Duluth' or
Location ='Ely' or
Location ='Eveleth' or
Location ='Faribault' or
Location ='Fergus Falls' or
Location ='Hastings' or
Location ='Hibbing' or
Location ='International Falls' or
Location ='Little Falls' or
Location ='Mankato' or
Location ='Minneapolis' or
Location ='Moorhead' or
Location ='New Ulm' or
Location ='Northfield' or
Location ='Owatonna' or
Location ='Pipestone' or
Location ='Red Wing' or
Location ='Rochester' or
Location ='Saint Cloud' or
Location ='Saint Paul' or
Location ='Sauk Centre' or
Location ='South Saint Paul' or
Location ='Stillwater' or
Location ='Virginia' or
Location ='Willmar' or
Location ='Winona' or
Location ='Mississippi' or
Location ='Bay Saint Louis' or
Location ='Biloxi' or
Location ='Clarksdale' or
Location ='Corinth' or
Location ='Greenwood' or
Location ='Grenada' or
Location ='Gulfport' or
Location ='Hattiesburg' or
Location ='Holly Springs' or
Location ='Meridian' or
Location ='Natchez' or
Location ='Ocean Springs' or
Location ='Oxford' or
Location ='Pascagoula' or
Location ='Pass Christian' or
Location ='Philadelphia' or
Location ='Port Gibson' or
Location ='Starkville' or
Location ='Tupelo' or
Location ='Vicksburg' or
Location ='West Point' or
Location ='Yazoo City' or
Location ='Missouri' or
Location ='Boonville' or
Location ='Branson' or
Location ='Cape Girardeau' or
Location ='Chillicothe' or
Location ='Clayton' or
Location ='Excelsior Springs' or
Location ='Ferguson' or
Location ='Florissant' or
Location ='Fulton' or
Location ='Hannibal' or
Location ='Jefferson City' or
Location ='Joplin' or
Location ='Kirksville' or
Location ='Lamar' or
Location ='Maryville' or
Location ='Mexico' or
Location ='Monett' or
Location ='Neosho' or
Location ='New Madrid' or
Location ='Rolla' or
Location ='Saint Charles' or
Location ='Saint Louis' or
Location ='Sainte Genevieve' or
Location ='Sedalia' or
Location ='Warrensburg' or
Location ='West Plains' or
Location ='Montana' or
Location ='Anaconda' or
Location ='Billings' or
Location ='Bozeman' or
Location ='Butte' or
Location ='Dillon' or
Location ='Fort Benton' or
Location ='Glendive' or
Location ='Great Falls' or
Location ='Havre' or
Location ='Kalispell' or
Location ='Lewistown' or
Location ='Livingston' or
Location ='Miles City' or
Location ='Missoula' or
Location ='Virginia City' or
Location ='Nebraska' or
Location ='Beatrice' or
Location ='Bellevue' or
Location ='Boys Town' or
Location ='Chadron' or
Location ='Grand Island' or
Location ='Kearney' or
Location ='McCook' or
Location ='Minden' or
Location ='Nebraska City' or
Location ='Norfolk' or
Location ='North Platte' or
Location ='Omaha' or
Location ='Plattsmouth' or
Location ='Red Cloud' or
Location ='Sidney' or
Location ='Nevada' or
Location ='Boulder City' or
Location ='Carson City' or
Location ='Elko' or
Location ='Fallon' or
Location ='Genoa' or
Location ='Goldfield' or
Location ='Las Vegas' or
Location ='North Las Vegas' or
Location ='Reno' or
Location ='Sparks' or
Location ='Winnemucca' or
Location ='New Hampshire' or
Location ='Derry' or
Location ='Durham' or
Location ='Exeter' or
Location ='Franklin' or
Location ='Hanover' or
Location ='Hillsborough' or
Location ='Keene' or
Location ='Laconia' or
Location ='Nashua' or
Location ='Peterborough' or
Location ='Portsmouth' or
Location ='Somersworth' or
Location ='New Jersey' or
Location ='Asbury Park' or
Location ='Atlantic City' or
Location ='Bayonne' or
Location ='Bordentown' or
Location ='Bound Brook' or
Location ='Bridgeton' or
Location ='Cape May' or
Location ='Cranford' or
Location ='East Orange' or
Location ='Edison' or
Location ='Elizabeth' or
Location ='Fort Lee' or
Location ='Glassboro' or
Location ='Hackensack' or
Location ='Haddonfield' or
Location ='Hoboken' or
Location ='Irvington' or
Location ='Jersey City' or
Location ='Lakehurst' or
Location ='Lakewood' or
Location ='Long Branch' or
Location ='Millburn' or
Location ='Millville' or
Location ='Montclair' or
Location ='Morristown' or
Location ='Mount Holly' or
Location ='New Brunswick' or
Location ='New Milford' or
Location ='Parsippany–Troy Hills' or
Location ='Passaic' or
Location ='Paterson' or
Location ='Perth Amboy' or
Location ='Plainfield' or
Location ='Princeton' or
Location ='Ridgewood' or
Location ='Roselle' or
Location ='Rutherford' or
Location ='South Orange Village' or
Location ='Totowa' or
Location ='Union' or
Location ='Union City' or
Location ='Vineland' or
Location ='Wayne' or
Location ='Weehawken' or
Location ='West New York' or
Location ='West Orange' or
Location ='Willingboro' or
Location ='Woodbridge' or
Location ='New Mexico' or
Location ='Acoma' or
Location ='Alamogordo' or
Location ='Albuquerque' or
Location ='Artesia' or
Location ='Belen' or
Location ='Clovis' or
Location ='Deming' or
Location ='Gallup' or
Location ='Grants' or
Location ='Hobbs' or
Location ='Las Cruces' or
Location ='Los Alamos' or
Location ='Lovington' or
Location ='Portales' or
Location ='Raton' or
Location ='Roswell' or
Location ='Santa Fe' or
Location ='Shiprock' or
Location ='Silver City' or
Location ='Socorro' or
Location ='Taos' or
Location ='Truth or Consequences' or
Location ='Tucumcari' or
Location ='New York' or
Location ='Amsterdam' or
Location ='Babylon' or
Location ='Batavia' or
Location ='Beacon' or
Location ='Binghamton' or
Location ='Bronx' or
Location ='Brooklyn' or
Location ='Buffalo' or
Location ='Chautauqua' or
Location ='Cheektowaga' or
Location ='Cohoes' or
Location ='Coney Island' or
Location ='Cooperstown' or
Location ='Corning' or
Location ='Cortland' or
Location ='Crown Point' or
Location ='Dunkirk' or
Location ='East Aurora' or
Location ='East Hampton' or
Location ='Eastchester' or
Location ='Elmira' or
Location ='Flushing' or
Location ='Forest Hills' or
Location ='Fredonia' or
Location ='Glens Falls' or
Location ='Gloversville' or
Location ='Great Neck' or
Location ='Hammondsport' or
Location ='Harlem' or
Location ='Hempstead' or
Location ='Herkimer' or
Location ='Hudson' or
Location ='Hyde Park' or
Location ='Ilion' or
Location ='Ithaca' or
Location ='Jamestown' or
Location ='Johnstown' or
Location ='Kingston' or
Location ='Lackawanna' or
Location ='Lake Placid' or
Location ='Levittown' or
Location ='Lockport' or
Location ='Mamaroneck' or
Location ='Massena' or
Location ='Mineola' or
Location ='New Paltz' or
Location ='New Rochelle' or
Location ='New Windsor' or
Location ='New York City' or
Location ='Newburgh' or
Location ='Niagara Falls' or
Location ='North Hempstead' or
Location ='Nyack' or
Location ='Ogdensburg' or
Location ='Olean' or
Location ='Oneida' or
Location ='Oneonta' or
Location ='Ossining' or
Location ='Oswego' or
Location ='Oyster Bay' or
Location ='Palmyra' or
Location ='Peekskill' or
Location ='Plattsburgh' or
Location ='Port Washington' or
Location ='Potsdam' or
Location ='Poughkeepsie' or
Location ='Queens' or
Location ='Rensselaer' or
Location ='Rotterdam' or
Location ='Rye' or
Location ='Sag Harbor' or
Location ='Saranac Lake' or
Location ='Saratoga Springs' or
Location ='Scarsdale' or
Location ='Schenectady' or
Location ='Seneca Falls' or
Location ='Southampton' or
Location ='Staten Island' or
Location ='Stony Brook' or
Location ='Stony Point' or
Location ='Syracuse' or
Location ='Tarrytown' or
Location ='Ticonderoga' or
Location ='Tonawanda' or
Location ='Utica' or
Location ='Watervliet' or
Location ='Watkins Glen' or
Location ='West Seneca' or
Location ='White Plains' or
Location ='Woodstock' or
Location ='Yonkers' or
Location ='North Carolina' or
Location ='Asheboro' or
Location ='Asheville' or
Location ='Beaufort' or
Location ='Chapel Hill' or
Location ='Charlotte' or
Location ='Edenton' or
Location ='Elizabeth City' or
Location ='Gastonia' or
Location ='Goldsboro' or
Location ='Greensboro' or
Location ='Halifax' or
Location ='Hickory' or
Location ='High Point' or
Location ='Kinston' or
Location ='Kitty Hawk' or
Location ='Lumberton' or
Location ='Morehead City' or
Location ='Morganton' or
Location ='Nags Head' or
Location ='New Bern' or
Location ='Pinehurst' or
Location ='Raleigh' or
Location ='Rocky Mount' or
Location ='Shelby' or
Location ='Wilson' or
Location ='Winston-Salem' or
Location ='North Dakota' or
Location ='Bismarck' or
Location ='Devils Lake' or
Location ='Dickinson' or
Location ='Fargo' or
Location ='Grand Forks' or
Location ='Mandan' or
Location ='Minot' or
Location ='Rugby' or
Location ='Valley City' or
Location ='Wahpeton' or
Location ='Williston' or
Location ='Ohio' or
Location ='Akron' or
Location ='Alliance' or
Location ='Ashtabula' or
Location ='Barberton' or
Location ='Bellefontaine' or
Location ='Cincinnati' or
Location ='Cleveland' or
Location ='Cleveland Heights' or
Location ='Conneaut' or
Location ='Cuyahoga Falls' or
Location ='Dayton' or
Location ='Defiance' or
Location ='East Cleveland' or
Location ='East Liverpool' or
Location ='Elyria' or
Location ='Euclid' or
Location ='Findlay' or
Location ='Gallipolis' or
Location ='Hamilton' or
Location ='Kent' or
Location ='Kettering' or
Location ='Lima' or
Location ='Lorain' or
Location ='Martins Ferry' or
Location ='Massillon' or
Location ='Mentor' or
Location ='Milan' or
Location ='New Philadelphia' or
Location ='North College Hill' or
Location ='Oberlin' or
Location ='Painesville' or
Location ='Parma' or
Location ='Piqua' or
Location ='Put-in-Bay' or
Location ='Sandusky' or
Location ='Shaker Heights' or
Location ='Steubenville' or
Location ='Tiffin' or
Location ='Toledo' or
Location ='Wooster' or
Location ='Worthington' or
Location ='Xenia' or
Location ='Yellow Springs' or
Location ='Youngstown' or
Location ='Zanesville' or
Location ='Oklahoma' or
Location ='Ada' or
Location ='Altus' or
Location ='Alva' or
Location ='Anadarko' or
Location ='Ardmore' or
Location ='Bartlesville' or
Location ='Bethany' or
Location ='Chickasha' or
Location ='Claremore' or
Location ='Cushing' or
Location ='Duncan' or
Location ='Durant' or
Location ='Edmond' or
Location ='El Reno' or
Location ='Elk City' or
Location ='Enid' or
Location ='Guthrie' or
Location ='Guymon' or
Location ='Holdenville' or
Location ='Hugo' or
Location ='Lawton' or
Location ='McAlester' or
Location ='Midwest City' or
Location ='Moore' or
Location ='Muskogee' or
Location ='Norman' or
Location ='Oklahoma City' or
Location ='Okmulgee' or
Location ='Pauls Valley' or
Location ='Pawhuska' or
Location ='Perry' or
Location ='Ponca City' or
Location ='Pryor' or
Location ='Sallisaw' or
Location ='Sand Springs' or
Location ='Sapulpa' or
Location ='Seminole' or
Location ='Tahlequah' or
Location ='The Village' or
Location ='Tulsa' or
Location ='Vinita' or
Location ='Wewoka' or
Location ='Woodward' or
Location ='Astoria' or
Location ='Baker City' or
Location ='Beaverton' or
Location ='Bend' or
Location ='Brookings' or
Location ='Burns' or
Location ='Coos Bay' or
Location ='Corvallis' or
Location ='Eugene' or
Location ='Grants Pass' or
Location ='Hillsboro' or
Location ='Hood River' or
Location ='John Day' or
Location ='Klamath Falls' or
Location ='La Grande' or
Location ='Lake Oswego' or
Location ='Lakeview' or
Location ='McMinnville' or
Location ='Newberg' or
Location ='Oregon City' or
Location ='Pendleton' or
Location ='Port Orford' or
Location ='Prineville' or
Location ='Redmond' or
Location ='Reedsport' or
Location ='Roseburg' or
Location ='Seaside' or
Location ='The Dalles' or
Location ='Tillamook' or
Location ='Pennsylvania' or
Location ='Aliquippa' or
Location ='Allentown' or
Location ='Altoona' or
Location ='Ambridge' or
Location ='Bethlehem' or
Location ='Bloomsburg' or
Location ='Bradford' or
Location ='Carlisle' or
Location ='Chambersburg' or
Location ='Erie' or
Location ='Germantown' or
Location ='Gettysburg' or
Location ='Greensburg' or
Location ='Harmony' or
Location ='Hazleton' or
Location ='Hershey' or
Location ='Honesdale' or
Location ='Jeannette' or
Location ='Jim Thorpe' or
Location ='Lock Haven' or
Location ='Lower Southampton' or
Location ='McKeesport' or
Location ='Meadville' or
Location ='Monroeville' or
Location ='Nanticoke' or
Location ='New Hope' or
Location ='New Kensington' or
Location ='Norristown' or
Location ='Oil City' or
Location ='Phoenixville' or
Location ='Pittsburgh' or
Location ='Pottstown' or
Location ='Pottsville' or
Location ='Reading' or
Location ='Scranton' or
Location ='Shamokin' or
Location ='Sharon' or
Location ='State College' or
Location ='Stroudsburg' or
Location ='Sunbury' or
Location ='Swarthmore' or
Location ='Tamaqua' or
Location ='Uniontown' or
Location ='West Chester' or
Location ='Wilkes-Barre' or
Location ='Williamsport' or
Location ='Rhode Island' or
Location ='Barrington' or
Location ='Central Falls' or
Location ='Cranston' or
Location ='East Greenwich' or
Location ='East Providence' or
Location ='Narragansett' or
Location ='North Kingstown' or
Location ='Pawtucket' or
Location ='Providence' or
Location ='South Kingstown' or
Location ='Tiverton' or
Location ='Warwick' or
Location ='Westerly' or
Location ='Wickford' or
Location ='Woonsocket' or
Location ='South Carolina' or
Location ='Aiken' or
Location ='Darlington' or
Location ='Gaffney' or
Location ='Hartsville' or
Location ='Myrtle Beach' or
Location ='Orangeburg' or
Location ='Rock Hill' or
Location ='Spartanburg' or
Location ='Sumter' or
Location ='South Dakota' or
Location ='Belle Fourche' or
Location ='Custer' or
Location ='De Smet' or
Location ='Deadwood' or
Location ='Huron' or
Location ='Lead' or
Location ='Milbank' or
Location ='Mitchell' or
Location ='Mobridge' or
Location ='Pierre' or
Location ='Rapid City' or
Location ='Sioux Falls' or
Location ='Spearfish' or
Location ='Sturgis' or
Location ='Vermillion' or
Location ='Yankton' or
Location ='Tennessee' or
Location ='Alcoa' or
Location ='Chattanooga' or
Location ='Clarksville' or
Location ='Cookeville' or
Location ='Elizabethton' or
Location ='Gallatin' or
Location ='Gatlinburg' or
Location ='Greeneville' or
Location ='Johnson City' or
Location ='Jonesborough' or
Location ='Kingsport' or
Location ='Knoxville' or
Location ='Memphis' or
Location ='Murfreesboro' or
Location ='Norris' or
Location ='Oak Ridge' or
Location ='Tullahoma' or
Location ='Texas' or
Location ='Alpine' or
Location ='Amarillo' or
Location ='Baytown' or
Location ='Beaumont' or
Location ='Big Spring' or
Location ='Borger' or
Location ='Brownsville' or
Location ='Bryan' or
Location ='Canyon' or
Location ='Cleburne' or
Location ='College Station' or
Location ='Corpus Christi' or
Location ='Crystal City' or
Location ='Dallas' or
Location ='Del Rio' or
Location ='Denison' or
Location ='Denton' or
Location ='Eagle Pass' or
Location ='Edinburg' or
Location ='El Paso' or
Location ='Fort Worth' or
Location ='Galveston' or
Location ='Garland' or
Location ='Goliad' or
Location ='Harlingen' or
Location ='Houston' or
Location ='Irving' or
Location ='Kilgore' or
Location ='Killeen' or
Location ='Kingsville' or
Location ='Laredo' or
Location ='Longview' or
Location ='Lubbock' or
Location ='Lufkin' or
Location ='Marshall' or
Location ='McAllen' or
Location ='McKinney' or
Location ='Mesquite' or
Location ='Mission' or
Location ='Nacogdoches' or
Location ='New Braunfels' or
Location ='Odessa' or
Location ='Pampa' or
Location ='Pecos' or
Location ='Pharr' or
Location ='Plainview' or
Location ='Plano' or
Location ='Port Arthur' or
Location ='Port Lavaca' or
Location ='Richardson' or
Location ='San Angelo' or
Location ='San Antonio' or
Location ='San Felipe' or
Location ='San Marcos' or
Location ='Sherman' or
Location ='Sweetwater' or
Location ='Temple' or
Location ='Texarkana' or
Location ='Texas City' or
Location ='Tyler' or
Location ='Uvalde' or
Location ='Victoria' or
Location ='Waco' or
Location ='Weatherford' or
Location ='Wichita Falls' or
Location ='Ysleta' or
Location ='Utah' or
Location ='Alta' or
Location ='American Fork' or
Location ='Bountiful' or
Location ='Brigham City' or
Location ='Cedar City' or
Location ='Clearfield' or
Location ='Delta' or
Location ='Fillmore' or
Location ='Green River' or
Location ='Heber City' or
Location ='Kanab' or
Location ='Layton' or
Location ='Lehi' or
Location ='Logan' or
Location ='Manti' or
Location ='Moab' or
Location ='Monticello' or
Location ='Murray' or
Location ='Nephi' or
Location ='Ogden' or
Location ='Orderville' or
Location ='Orem' or
Location ='Panguitch' or
Location ='Park City' or
Location ='Payson' or
Location ='Price' or
Location ='Provo' or
Location ='Saint George' or
Location ='Salt Lake City' or
Location ='Spanish Fork' or
Location ='Springville' or
Location ='Tooele' or
Location ='Vernal' or
Location ='Vermont' or
Location ='Barre' or
Location ='Bellows Falls' or
Location ='Bennington' or
Location ='Brattleboro' or
Location ='Essex' or
Location ='Middlebury' or
Location ='Montpelier' or
Location ='Rutland' or
Location ='Saint Albans' or
Location ='Saint Johnsbury' or
Location ='Winooski' or
Location ='Abingdon' or
Location ='Charlottesville' or
Location ='Chesapeake' or
Location ='Fairfax' or
Location ='Falls Church' or
Location ='Fredericksburg' or
Location ='Hampton' or
Location ='Hopewell' or
Location ='Lynchburg' or
Location ='Manassas' or
Location ='Martinsville' or
Location ='New Market' or
Location ='Newport News' or
Location ='Reston' or
Location ='Roanoke' or
Location ='Staunton' or
Location ='Suffolk' or
Location ='Virginia Beach' or
Location ='Waynesboro' or
Location ='Williamsburg' or
Location ='Winchester' or
Location ='Anacortes' or
Location ='Bellingham' or
Location ='Bremerton' or
Location ='Coulee Dam' or
Location ='Coupeville' or
Location ='Ellensburg' or
Location ='Ephrata' or
Location ='Hoquiam' or
Location ='Kelso' or
Location ='Kennewick' or
Location ='Moses Lake' or
Location ='Oak Harbor' or
Location ='Olympia' or
Location ='Pasco' or
Location ='Point Roberts' or
Location ='Port Angeles' or
Location ='Pullman' or
Location ='Puyallup' or
Location ='Renton' or
Location ='Richland' or
Location ='Seattle' or
Location ='Spokane' or
Location ='Tacoma' or
Location ='Vancouver' or
Location ='Walla Walla' or
Location ='Wenatchee' or
Location ='Yakima' or
Location ='West Virginia' or
Location ='Beckley' or
Location ='Bluefield' or
Location ='Buckhannon' or
Location ='Charles Town' or
Location ='Clarksburg' or
Location ='Elkins' or
Location ='Fairmont' or
Location ='Grafton' or
Location ='Harpers Ferry' or
Location ='Hinton' or
Location ='Keyser' or
Location ='Lewisburg' or
Location ='Martinsburg' or
Location ='Morgantown' or
Location ='Moundsville' or
Location ='New Martinsville' or
Location ='Parkersburg' or
Location ='Philippi' or
Location ='Point Pleasant' or
Location ='Romney' or
Location ='Shepherdstown' or
Location ='South Charleston' or
Location ='Summersville' or
Location ='Weirton' or
Location ='Welch' or
Location ='Wellsburg' or
Location ='Weston' or
Location ='Wheeling' or
Location ='White Sulphur Springs' or
Location ='Williamson' or
Location ='Wisconsin' or
Location ='Appleton' or
Location ='Baraboo' or
Location ='Beloit' or
Location ='Eau Claire' or
Location ='Fond du Lac' or
Location ='Green Bay' or
Location ='Janesville' or
Location ='Kenosha' or
Location ='La Crosse' or
Location ='Lake Geneva' or
Location ='Manitowoc' or
Location ='Marinette' or
Location ='Menasha' or
Location ='Milwaukee' or
Location ='Neenah' or
Location ='New Glarus' or
Location ='Oconto' or
Location ='Oshkosh' or
Location ='Peshtigo' or
Location ='Portage' or
Location ='Prairie du Chien' or
Location ='Racine' or
Location ='Rhinelander' or
Location ='Ripon' or
Location ='Sheboygan' or
Location ='Spring Green' or
Location ='Stevens Point' or
Location ='Sturgeon Bay' or
Location ='Superior' or
Location ='Waukesha' or
Location ='Wausau' or
Location ='Wauwatosa' or
Location ='West Allis' or
Location ='West Bend' or
Location ='Wisconsin Dells' or
Location ='Wyoming' or
Location ='Casper' or
Location ='Cheyenne' or
Location ='Cody' or
Location ='Gillette' or
Location ='Lander' or
Location ='Laramie' or
Location ='Newcastle' or
Location ='Powell' or
Location ='Rawlins' or
Location ='Riverton' or
Location ='Rock Springs' or
Location ='Sheridan' or
Location ='Ten Sleep' or
Location ='Thermopolis' or
Location ='Worland' or
Location ='usa' or
Location ='united states' or
Location ='us' or
Location ='alabama' or
Location ='alexander city' or
Location ='andalusia' or
Location ='anniston' or
Location ='athens' or
Location ='atmore' or
Location ='auburn' or
Location ='bessemer' or
Location ='birmingham' or
Location ='chickasaw' or
Location ='clanton' or
Location ='cullman' or
Location ='decatur' or
Location ='demopolis' or
Location ='dothan' or
Location ='enterprise' or
Location ='eufaula' or
Location ='florence' or
Location ='fort payne' or
Location ='gadsden' or
Location ='greenville' or
Location ='guntersville' or
Location ='huntsville' or
Location ='jasper' or
Location ='marion' or
Location ='mobile' or
Location ='montgomery' or
Location ='opelika' or
Location ='ozark' or
Location ='phenix city' or
Location ='prichard' or
Location ='scottsboro' or
Location ='selma' or
Location ='sheffield' or
Location ='sylacauga' or
Location ='talladega' or
Location ='troy' or
Location ='tuscaloosa' or
Location ='tuscumbia' or
Location ='tuskegee' or
Location ='alaska' or
Location ='anchorage' or
Location ='cordova' or
Location ='fairbanks' or
Location ='haines' or
Location ='homer' or
Location ='juneau' or
Location ='ketchikan' or
Location ='kodiak' or
Location ='kotzebue' or
Location ='nome' or
Location ='palmer' or
Location ='seward' or
Location ='sitka' or
Location ='skagway' or
Location ='valdez' or
Location ='arizona' or
Location ='ajo' or
Location ='avondale' or
Location ='bisbee' or
Location ='casa grande' or
Location ='chandler' or
Location ='clifton' or
Location ='douglas' or
Location ='flagstaff' or
Location ='gila bend' or
Location ='glendale' or
Location ='globe' or
Location ='kingman' or
Location ='lake havasu city' or
Location ='mesa' or
Location ='nogales' or
Location ='oraibi' or
Location ='phoenix' or
Location ='prescott' or
Location ='scottsdale' or
Location ='sierra vista' or
Location ='tempe' or
Location ='tombstone' or
Location ='tucson' or
Location ='walpi' or
Location ='window rock' or
Location ='winslow' or
Location ='yuma' or
Location ='arkansas' or
Location ='arkadelphia' or
Location ='arkansas post' or
Location ='batesville' or
Location ='benton' or
Location ='blytheville' or
Location ='camden' or
Location ='conway' or
Location ='crossett' or
Location ='el dorado' or
Location ='fayetteville' or
Location ='forrest city' or
Location ='fort smith' or
Location ='harrison' or
Location ='helena' or
Location ='hope' or
Location ='hot springs' or
Location ='jacksonville' or
Location ='jonesboro' or
Location ='little rock' or
Location ='magnolia' or
Location ='morrilton' or
Location ='newport' or
Location ='north little rock' or
Location ='osceola' or
Location ='pine bluff' or
Location ='rogers' or
Location ='searcy' or
Location ='stuttgart' or
Location ='van buren' or
Location ='west memphis' or
Location ='california' or
Location ='alameda' or
Location ='alhambra' or
Location ='anaheim' or
Location ='antioch' or
Location ='arcadia' or
Location ='bakersfield' or
Location ='barstow' or
Location ='belmont' or
Location ='berkeley' or
Location ='beverly hills' or
Location ='brea' or
Location ='buena park' or
Location ='burbank' or
Location ='calexico' or
Location ='calistoga' or
Location ='carlsbad' or
Location ='carmel' or
Location ='chico' or
Location ='chula vista' or
Location ='claremont' or
Location ='compton' or
Location ='concord' or
Location ='corona' or
Location ='coronado' or
Location ='costa mesa' or
Location ='culver city' or
Location ='daly city' or
Location ='davis' or
Location ='downey' or
Location ='el centro' or
Location ='el cerrito' or
Location ='el monte' or
Location ='escondido' or
Location ='eureka' or
Location ='fairfield' or
Location ='fontana' or
Location ='fremont' or
Location ='fresno' or
Location ='fullerton' or
Location ='garden grove' or
Location ='hayward' or
Location ='hollywood' or
Location ='huntington beach' or
Location ='indio' or
Location ='inglewood' or
Location ='irvine' or
Location ='la habra' or
Location ='laguna beach' or
Location ='lancaster' or
Location ='livermore' or
Location ='lodi' or
Location ='lompoc' or
Location ='long beach' or
Location ='los angeles' or
Location ='malibu' or
Location ='martinez' or
Location ='marysville' or
Location ='menlo park' or
Location ='merced' or
Location ='modesto' or
Location ='monterey' or
Location ='mountain view' or
Location ='napa' or
Location ='needles' or
Location ='newport beach' or
Location ='norwalk' or
Location ='novato' or
Location ='oakland' or
Location ='oceanside' or
Location ='ojai' or
Location ='ontario' or
Location ='orange' or
Location ='oroville' or
Location ='oxnard' or
Location ='pacific grove' or
Location ='palm springs' or
Location ='palmdale' or
Location ='palo alto' or
Location ='pasadena' or
Location ='petaluma' or
Location ='pomona' or
Location ='port hueneme' or
Location ='rancho cucamonga' or
Location ='red bluff' or
Location ='redding' or
Location ='redlands' or
Location ='redondo beach' or
Location ='redwood city' or
Location ='richmond' or
Location ='riverside' or
Location ='roseville' or
Location ='sacramento' or
Location ='salinas' or
Location ='san bernardino' or
Location ='san clemente' or
Location ='san diego' or
Location ='san fernando' or
Location ='san francisco' or
Location ='san gabriel' or
Location ='san jose' or
Location ='san juan capistrano' or
Location ='san leandro' or
Location ='san luis obispo' or
Location ='san marino' or
Location ='san mateo' or
Location ='san pedro' or
Location ='san rafael' or
Location ='san simeon' or
Location ='santa ana' or
Location ='santa barbara' or
Location ='santa clara' or
Location ='santa clarita' or
Location ='santa cruz' or
Location ='santa monica' or
Location ='santa rosa' or
Location ='sausalito' or
Location ='simi valley' or
Location ='sonoma' or
Location ='south san francisco' or
Location ='stockton' or
Location ='sunnyvale' or
Location ='susanville' or
Location ='thousand oaks' or
Location ='torrance' or
Location ='turlock' or
Location ='ukiah' or
Location ='vallejo' or
Location ='ventura' or
Location ='victorville' or
Location ='visalia' or
Location ='walnut creek' or
Location ='watts' or
Location ='west covina' or
Location ='whittier' or
Location ='woodland' or
Location ='yorba linda' or
Location ='yuba city' or
Location ='colorado' or
Location ='alamosa' or
Location ='aspen' or
Location ='aurora' or
Location ='boulder' or
Location ='breckenridge' or
Location ='brighton' or
Location ='canon city' or
Location ='central city' or
Location ='climax' or
Location ='colorado springs' or
Location ='cortez' or
Location ='cripple creek' or
Location ='denver' or
Location ='durango' or
Location ='englewood' or
Location ='estes park' or
Location ='fort collins' or
Location ='fort morgan' or
Location ='georgetown' or
Location ='glenwood springs' or
Location ='golden' or
Location ='grand junction' or
Location ='greeley' or
Location ='gunnison' or
Location ='la junta' or
Location ='leadville' or
Location ='littleton' or
Location ='longmont' or
Location ='loveland' or
Location ='montrose' or
Location ='ouray' or
Location ='pagosa springs' or
Location ='pueblo' or
Location ='silverton' or
Location ='steamboat springs' or
Location ='sterling' or
Location ='telluride' or
Location ='trinidad' or
Location ='vail' or
Location ='walsenburg' or
Location ='westminster' or
Location ='connecticut' or
Location ='ansonia' or
Location ='berlin' or
Location ='bloomfield' or
Location ='branford' or
Location ='bridgeport' or
Location ='bristol' or
Location ='coventry' or
Location ='danbury' or
Location ='darien' or
Location ='derby' or
Location ='east hartford' or
Location ='east haven' or
Location ='enfield' or
Location ='farmington' or
Location ='greenwich' or
Location ='groton' or
Location ='guilford' or
Location ='hamden' or
Location ='hartford' or
Location ='lebanon' or
Location ='litchfield' or
Location ='manchester' or
Location ='mansfield' or
Location ='meriden' or
Location ='middletown' or
Location ='milford' or
Location ='mystic' or
Location ='naugatuck' or
Location ='new britain' or
Location ='new haven' or
Location ='new london' or
Location ='north haven' or
Location ='norwich' or
Location ='old saybrook' or
Location ='seymour' or
Location ='shelton' or
Location ='simsbury' or
Location ='southington' or
Location ='stamford' or
Location ='stonington' or
Location ='stratford' or
Location ='torrington' or
Location ='wallingford' or
Location ='waterbury' or
Location ='waterford' or
Location ='watertown' or
Location ='west hartford' or
Location ='west haven' or
Location ='westport' or
Location ='wethersfield' or
Location ='willimantic' or
Location ='windham' or
Location ='windsor' or
Location ='windsor locks' or
Location ='winsted' or
Location ='delaware' or
Location ='dover' or
Location ='lewes' or
Location ='new castle' or
Location ='newark' or
Location ='smyrna' or
Location ='wilmington' or
Location ='florida' or
Location ='apalachicola' or
Location ='bartow' or
Location ='belle glade' or
Location ='boca raton' or
Location ='bradenton' or
Location ='cape coral' or
Location ='clearwater' or
Location ='cocoa beach' or
Location ='cocoa-rockledge' or
Location ='coral gables' or
Location ='daytona beach' or
Location ='de land' or
Location ='deerfield beach' or
Location ='delray beach' or
Location ='fernandina beach' or
Location ='fort lauderdale' or
Location ='fort myers' or
Location ='fort pierce' or
Location ='fort walton beach' or
Location ='gainesville' or
Location ='hallandale beach' or
Location ='hialeah' or
Location ='homestead' or
Location ='key west' or
Location ='lake city' or
Location ='lake wales' or
Location ='lakeland' or
Location ='largo' or
Location ='melbourne' or
Location ='miami' or
Location ='miami beach' or
Location ='naples' or
Location ='new smyrna beach' or
Location ='ocala' or
Location ='orlando' or
Location ='ormond beach' or
Location ='palatka' or
Location ='palm bay' or
Location ='palm beach' or
Location ='panama city' or
Location ='pensacola' or
Location ='pompano beach' or
Location ='saint augustine' or
Location ='saint petersburg' or
Location ='sanford' or
Location ='sarasota' or
Location ='sebring' or
Location ='tallahassee' or
Location ='tampa' or
Location ='tarpon springs' or
Location ='titusville' or
Location ='venice' or
Location ='west palm beach' or
Location ='white springs' or
Location ='winter haven' or
Location ='winter park' or
Location ='georgia' or
Location ='albany' or
Location ='americus' or
Location ='andersonville' or
Location ='atlanta' or
Location ='augusta' or
Location ='bainbridge' or
Location ='blairsville' or
Location ='brunswick' or
Location ='calhoun' or
Location ='carrollton' or
Location ='columbus' or
Location ='dahlonega' or
Location ='dalton' or
Location ='east point' or
Location ='fitzgerald' or
Location ='fort valley' or
Location ='la grange' or
Location ='macon' or
Location ='marietta' or
Location ='milledgeville' or
Location ='plains' or
Location ='rome' or
Location ='savannah' or
Location ='toccoa' or
Location ='valdosta' or
Location ='warm springs' or
Location ='warner robins' or
Location ='washington' or
Location ='waycross' or
Location ='hawaii' or
Location ='hanalei' or
Location ='hilo' or
Location ='honaunau' or
Location ='honolulu' or
Location ='kahului' or
Location ='kaneohe' or
Location ='kapaa' or
Location ='kawaihae' or
Location ='lahaina' or
Location ='laie' or
Location ='wahiawa' or
Location ='wailuku' or
Location ='waimea' or
Location ='idaho' or
Location ='blackfoot' or
Location ='boise' or
Location ='bonners ferry' or
Location ='caldwell' or
Location ='coeur d’alene' or
Location ='idaho city' or
Location ='idaho falls' or
Location ='kellogg' or
Location ='lewiston' or
Location ='moscow' or
Location ='nampa' or
Location ='pocatello' or
Location ='priest river' or
Location ='rexburg' or
Location ='sun valley' or
Location ='twin falls' or
Location ='illinois' or
Location ='alton' or
Location ='arlington heights' or
Location ='arthur' or
Location ='belleville' or
Location ='belvidere' or
Location ='bloomington' or
Location ='brookfield' or
Location ='cahokia' or
Location ='cairo' or
Location ='calumet city' or
Location ='canton' or
Location ='carbondale' or
Location ='carlinville' or
Location ='carthage' or
Location ='centralia' or
Location ='champaign' or
Location ='charleston' or
Location ='chester' or
Location ='chicago' or
Location ='chicago heights' or
Location ='cicero' or
Location ='collinsville' or
Location ='danville' or
Location ='dekalb' or
Location ='des plaines' or
Location ='dixon' or
Location ='east moline' or
Location ='east saint louis' or
Location ='effingham' or
Location ='elgin' or
Location ='elmhurst' or
Location ='evanston' or
Location ='freeport' or
Location ='galena' or
Location ='galesburg' or
Location ='glen ellyn' or
Location ='glenview' or
Location ='granite city' or
Location ='harrisburg' or
Location ='herrin' or
Location ='highland park' or
Location ='joliet' or
Location ='kankakee' or
Location ='kaskaskia' or
Location ='kewanee' or
Location ='la salle' or
Location ='lake forest' or
Location ='libertyville' or
Location ='lincoln' or
Location ='lisle' or
Location ='lombard' or
Location ='macomb' or
Location ='mattoon' or
Location ='moline' or
Location ='monmouth' or
Location ='mount vernon' or
Location ='mundelein' or
Location ='naperville' or
Location ='nauvoo' or
Location ='normal' or
Location ='north chicago' or
Location ='oak park' or
Location ='oregon' or
Location ='ottawa' or
Location ='palatine' or
Location ='park forest' or
Location ='park ridge' or
Location ='pekin' or
Location ='peoria' or
Location ='petersburg' or
Location ='pontiac' or
Location ='quincy' or
Location ='rantoul' or
Location ='river forest' or
Location ='rock island' or
Location ='rockford' or
Location ='salem' or
Location ='shawneetown' or
Location ='skokie' or
Location ='south holland' or
Location ='springfield' or
Location ='streator' or
Location ='summit' or
Location ='urbana' or
Location ='vandalia' or
Location ='virden' or
Location ='waukegan' or
Location ='wheaton' or
Location ='wilmette' or
Location ='winnetka' or
Location ='wood river' or
Location ='zion' or
Location ='indiana' or
Location ='anderson' or
Location ='bedford' or
Location ='connersville' or
Location ='corydon' or
Location ='crawfordsville' or
Location ='east chicago' or
Location ='elkhart' or
Location ='elwood' or
Location ='evansville' or
Location ='fort wayne' or
Location ='french lick' or
Location ='gary' or
Location ='geneva' or
Location ='goshen' or
Location ='greenfield' or
Location ='hammond' or
Location ='hobart' or
Location ='huntington' or
Location ='indianapolis' or
Location ='jeffersonville' or
Location ='kokomo' or
Location ='lafayette' or
Location ='madison' or
Location ='michigan city' or
Location ='mishawaka' or
Location ='muncie' or
Location ='nappanee' or
Location ='nashville' or
Location ='new albany' or
Location ='new harmony' or
Location ='peru' or
Location ='plymouth' or
Location ='santa claus' or
Location ='shelbyville' or
Location ='south bend' or
Location ='terre haute' or
Location ='valparaiso' or
Location ='vincennes' or
Location ='wabash' or
Location ='west lafayette' or
Location ='iowa' or
Location ='amana colonies' or
Location ='ames' or
Location ='boone' or
Location ='burlington' or
Location ='cedar falls' or
Location ='cedar rapids' or
Location ='charles city' or
Location ='cherokee' or
Location ='clinton' or
Location ='council bluffs' or
Location ='davenport' or
Location ='des moines' or
Location ='dubuque' or
Location ='estherville' or
Location ='fort dodge' or
Location ='grinnell' or
Location ='indianola' or
Location ='iowa city' or
Location ='keokuk' or
Location ='mason city' or
Location ='mount pleasant' or
Location ='muscatine' or
Location ='newton' or
Location ='oskaloosa' or
Location ='ottumwa' or
Location ='sioux city' or
Location ='waterloo' or
Location ='webster city' or
Location ='west des moines' or
Location ='kansas' or
Location ='abilene' or
Location ='arkansas city' or
Location ='atchison' or
Location ='chanute' or
Location ='coffeyville' or
Location ='council grove' or
Location ='dodge city' or
Location ='emporia' or
Location ='fort scott' or
Location ='garden city' or
Location ='great bend' or
Location ='hays' or
Location ='hutchinson' or
Location ='independence' or
Location ='junction city' or
Location ='kansas city' or
Location ='lawrence' or
Location ='leavenworth' or
Location ='liberal' or
Location ='manhattan' or
Location ='mcpherson' or
Location ='medicine lodge' or
Location ='olathe' or
Location ='osawatomie' or
Location ='overland park' or
Location ='pittsburg' or
Location ='salina' or
Location ='shawnee' or
Location ='smith center' or
Location ='topeka' or
Location ='wichita' or
Location ='kentucky' or
Location ='ashland' or
Location ='barbourville' or
Location ='bardstown' or
Location ='berea' or
Location ='boonesborough' or
Location ='bowling green' or
Location ='campbellsville' or
Location ='covington' or
Location ='elizabethtown' or
Location ='frankfort' or
Location ='harlan' or
Location ='harrodsburg' or
Location ='hazard' or
Location ='henderson' or
Location ='hodgenville' or
Location ='hopkinsville' or
Location ='lexington' or
Location ='louisville' or
Location ='mayfield' or
Location ='maysville' or
Location ='middlesboro' or
Location ='owensboro' or
Location ='paducah' or
Location ='paris' or
Location ='louisiana' or
Location ='abbeville' or
Location ='alexandria' or
Location ='bastrop' or
Location ='baton rouge' or
Location ='bogalusa' or
Location ='bossier city' or
Location ='gretna' or
Location ='houma' or
Location ='lake charles' or
Location ='monroe' or
Location ='morgan city' or
Location ='natchitoches' or
Location ='new iberia' or
Location ='new orleans' or
Location ='opelousas' or
Location ='ruston' or
Location ='saint martinville' or
Location ='shreveport' or
Location ='thibodaux' or
Location ='maine' or
Location ='bangor' or
Location ='bar harbor' or
Location ='bath' or
Location ='belfast' or
Location ='biddeford' or
Location ='boothbay harbor' or
Location ='calais' or
Location ='caribou' or
Location ='castine' or
Location ='eastport' or
Location ='ellsworth' or
Location ='fort kent' or
Location ='gardiner' or
Location ='houlton' or
Location ='kennebunkport' or
Location ='kittery' or
Location ='lubec' or
Location ='machias' or
Location ='orono' or
Location ='portland' or
Location ='presque isle' or
Location ='rockland' or
Location ='rumford' or
Location ='saco' or
Location ='scarborough' or
Location ='waterville' or
Location ='york' or
Location ='maryland' or
Location ='aberdeen' or
Location ='annapolis' or
Location ='baltimore' or
Location ='bethesda-chevy chase' or
Location ='bowie' or
Location ='cambridge' or
Location ='catonsville' or
Location ='college park' or
Location ='columbia' or
Location ='cumberland' or
Location ='easton' or
Location ='elkton' or
Location ='emmitsburg' or
Location ='frederick' or
Location ='greenbelt' or
Location ='hagerstown' or
Location ='hyattsville' or
Location ='laurel' or
Location ='ocean city' or
Location ='rockville' or
Location ='saint marys city' or
Location ='salisbury' or
Location ='silver spring' or
Location ='takoma park' or
Location ='towson' or
Location ='massachusetts' or
Location ='abington' or
Location ='adams' or
Location ='amesbury' or
Location ='amherst' or
Location ='andover' or
Location ='arlington' or
Location ='athol' or
Location ='attleboro' or
Location ='barnstable' or
Location ='beverly' or
Location ='boston' or
Location ='bourne' or
Location ='braintree' or
Location ='brockton' or
Location ='brookline' or
Location ='charlestown' or
Location ='chelmsford' or
Location ='chelsea' or
Location ='chicopee' or
Location ='cohasset' or
Location ='danvers' or
Location ='dartmouth' or
Location ='dedham' or
Location ='dennis' or
Location ='duxbury' or
Location ='eastham' or
Location ='edgartown' or
Location ='everett' or
Location ='fairhaven' or
Location ='fall river' or
Location ='falmouth' or
Location ='fitchburg' or
Location ='framingham' or
Location ='gloucester' or
Location ='great barrington' or
Location ='harwich' or
Location ='haverhill' or
Location ='hingham' or
Location ='holyoke' or
Location ='hyannis' or
Location ='ipswich' or
Location ='lenox' or
Location ='leominster' or
Location ='lowell' or
Location ='ludlow' or
Location ='lynn' or
Location ='malden' or
Location ='marblehead' or
Location ='marlborough' or
Location ='medford' or
Location ='milton' or
Location ='nahant' or
Location ='natick' or
Location ='new bedford' or
Location ='newburyport' or
Location ='north adams' or
Location ='northampton' or
Location ='norton' or
Location ='norwood' or
Location ='peabody' or
Location ='pittsfield' or
Location ='provincetown' or
Location ='randolph' or
Location ='revere' or
Location ='sandwich' or
Location ='saugus' or
Location ='somerville' or
Location ='south hadley' or
Location ='stockbridge' or
Location ='stoughton' or
Location ='sturbridge' or
Location ='sudbury' or
Location ='taunton' or
Location ='tewksbury' or
Location ='truro' or
Location ='webster' or
Location ='wellesley' or
Location ='wellfleet' or
Location ='west bridgewater' or
Location ='west springfield' or
Location ='westfield' or
Location ='weymouth' or
Location ='whitman' or
Location ='williamstown' or
Location ='woburn' or
Location ='woods hole' or
Location ='worcester' or
Location ='michigan' or
Location ='adrian' or
Location ='alma' or
Location ='ann arbor' or
Location ='battle creek' or
Location ='bay city' or
Location ='benton harbor' or
Location ='bloomfield hills' or
Location ='cadillac' or
Location ='charlevoix' or
Location ='cheboygan' or
Location ='dearborn' or
Location ='detroit' or
Location ='east lansing' or
Location ='eastpointe' or
Location ='ecorse' or
Location ='escanaba' or
Location ='flint' or
Location ='grand haven' or
Location ='grand rapids' or
Location ='grayling' or
Location ='grosse pointe' or
Location ='hancock' or
Location ='holland' or
Location ='houghton' or
Location ='interlochen' or
Location ='iron mountain' or
Location ='ironwood' or
Location ='ishpeming' or
Location ='jackson' or
Location ='kalamazoo' or
Location ='lansing' or
Location ='livonia' or
Location ='ludington' or
Location ='mackinaw city' or
Location ='manistee' or
Location ='marquette' or
Location ='menominee' or
Location ='midland' or
Location ='mount clemens' or
Location ='muskegon' or
Location ='niles' or
Location ='petoskey' or
Location ='port huron' or
Location ='royal oak' or
Location ='saginaw' or
Location ='saint ignace' or
Location ='saint joseph' or
Location ='sault sainte marie' or
Location ='traverse city' or
Location ='trenton' or
Location ='warren' or
Location ='wyandotte' or
Location ='ypsilanti' or
Location ='minnesota' or
Location ='albert lea' or
Location ='austin' or
Location ='bemidji' or
Location ='brainerd' or
Location ='crookston' or
Location ='duluth' or
Location ='ely' or
Location ='eveleth' or
Location ='faribault' or
Location ='fergus falls' or
Location ='hastings' or
Location ='hibbing' or
Location ='international falls' or
Location ='little falls' or
Location ='mankato' or
Location ='minneapolis' or
Location ='moorhead' or
Location ='new ulm' or
Location ='northfield' or
Location ='owatonna' or
Location ='pipestone' or
Location ='red wing' or
Location ='rochester' or
Location ='saint cloud' or
Location ='saint paul' or
Location ='sauk centre' or
Location ='south saint paul' or
Location ='stillwater' or
Location ='virginia' or
Location ='willmar' or
Location ='winona' or
Location ='mississippi' or
Location ='bay saint louis' or
Location ='biloxi' or
Location ='clarksdale' or
Location ='corinth' or
Location ='greenwood' or
Location ='grenada' or
Location ='gulfport' or
Location ='hattiesburg' or
Location ='holly springs' or
Location ='meridian' or
Location ='natchez' or
Location ='ocean springs' or
Location ='oxford' or
Location ='pascagoula' or
Location ='pass christian' or
Location ='philadelphia' or
Location ='port gibson' or
Location ='starkville' or
Location ='tupelo' or
Location ='vicksburg' or
Location ='west point' or
Location ='yazoo city' or
Location ='missouri' or
Location ='boonville' or
Location ='branson' or
Location ='cape girardeau' or
Location ='chillicothe' or
Location ='clayton' or
Location ='excelsior springs' or
Location ='ferguson' or
Location ='florissant' or
Location ='fulton' or
Location ='hannibal' or
Location ='jefferson city' or
Location ='joplin' or
Location ='kirksville' or
Location ='lamar' or
Location ='maryville' or
Location ='mexico' or
Location ='monett' or
Location ='neosho' or
Location ='new madrid' or
Location ='rolla' or
Location ='saint charles' or
Location ='saint louis' or
Location ='sainte genevieve' or
Location ='sedalia' or
Location ='warrensburg' or
Location ='west plains' or
Location ='montana' or
Location ='anaconda' or
Location ='billings' or
Location ='bozeman' or
Location ='butte' or
Location ='dillon' or
Location ='fort benton' or
Location ='glendive' or
Location ='great falls' or
Location ='havre' or
Location ='kalispell' or
Location ='lewistown' or
Location ='livingston' or
Location ='miles city' or
Location ='missoula' or
Location ='virginia city' or
Location ='nebraska' or
Location ='beatrice' or
Location ='bellevue' or
Location ='boys town' or
Location ='chadron' or
Location ='grand island' or
Location ='kearney' or
Location ='mccook' or
Location ='minden' or
Location ='nebraska city' or
Location ='norfolk' or
Location ='north platte' or
Location ='omaha' or
Location ='plattsmouth' or
Location ='red cloud' or
Location ='sidney' or
Location ='nevada' or
Location ='boulder city' or
Location ='carson city' or
Location ='elko' or
Location ='fallon' or
Location ='genoa' or
Location ='goldfield' or
Location ='las vegas' or
Location ='north las vegas' or
Location ='reno' or
Location ='sparks' or
Location ='winnemucca' or
Location ='new hampshire' or
Location ='derry' or
Location ='durham' or
Location ='exeter' or
Location ='franklin' or
Location ='hanover' or
Location ='hillsborough' or
Location ='keene' or
Location ='laconia' or
Location ='nashua' or
Location ='peterborough' or
Location ='portsmouth' or
Location ='somersworth' or
Location ='new jersey' or
Location ='asbury park' or
Location ='atlantic city' or
Location ='bayonne' or
Location ='bordentown' or
Location ='bound brook' or
Location ='bridgeton' or
Location ='cape may' or
Location ='cranford' or
Location ='east orange' or
Location ='edison' or
Location ='elizabeth' or
Location ='fort lee' or
Location ='glassboro' or
Location ='hackensack' or
Location ='haddonfield' or
Location ='hoboken' or
Location ='irvington' or
Location ='jersey city' or
Location ='lakehurst' or
Location ='lakewood' or
Location ='long branch' or
Location ='millburn' or
Location ='millville' or
Location ='montclair' or
Location ='morristown' or
Location ='mount holly' or
Location ='new brunswick' or
Location ='new milford' or
Location ='parsippany–troy hills' or
Location ='passaic' or
Location ='paterson' or
Location ='perth amboy' or
Location ='plainfield' or
Location ='princeton' or
Location ='ridgewood' or
Location ='roselle' or
Location ='rutherford' or
Location ='south orange village' or
Location ='totowa' or
Location ='union' or
Location ='union city' or
Location ='vineland' or
Location ='wayne' or
Location ='weehawken' or
Location ='west new york' or
Location ='west orange' or
Location ='willingboro' or
Location ='woodbridge' or
Location ='new mexico' or
Location ='acoma' or
Location ='alamogordo' or
Location ='albuquerque' or
Location ='artesia' or
Location ='belen' or
Location ='clovis' or
Location ='deming' or
Location ='gallup' or
Location ='grants' or
Location ='hobbs' or
Location ='las cruces' or
Location ='los alamos' or
Location ='lovington' or
Location ='portales' or
Location ='raton' or
Location ='roswell' or
Location ='santa fe' or
Location ='shiprock' or
Location ='silver city' or
Location ='socorro' or
Location ='taos' or
Location ='truth or consequences' or
Location ='tucumcari' or
Location ='new york' or
Location ='amsterdam' or
Location ='babylon' or
Location ='batavia' or
Location ='beacon' or
Location ='binghamton' or
Location ='bronx' or
Location ='brooklyn' or
Location ='buffalo' or
Location ='chautauqua' or
Location ='cheektowaga' or
Location ='cohoes' or
Location ='coney island' or
Location ='cooperstown' or
Location ='corning' or
Location ='cortland' or
Location ='crown point' or
Location ='dunkirk' or
Location ='east aurora' or
Location ='east hampton' or
Location ='eastchester' or
Location ='elmira' or
Location ='flushing' or
Location ='forest hills' or
Location ='fredonia' or
Location ='glens falls' or
Location ='gloversville' or
Location ='great neck' or
Location ='hammondsport' or
Location ='harlem' or
Location ='hempstead' or
Location ='herkimer' or
Location ='hudson' or
Location ='hyde park' or
Location ='ilion' or
Location ='ithaca' or
Location ='jamestown' or
Location ='johnstown' or
Location ='kingston' or
Location ='lackawanna' or
Location ='lake placid' or
Location ='levittown' or
Location ='lockport' or
Location ='mamaroneck' or
Location ='massena' or
Location ='mineola' or
Location ='new paltz' or
Location ='new rochelle' or
Location ='new windsor' or
Location ='new york city' or
Location ='newburgh' or
Location ='niagara falls' or
Location ='north hempstead' or
Location ='nyack' or
Location ='ogdensburg' or
Location ='olean' or
Location ='oneida' or
Location ='oneonta' or
Location ='ossining' or
Location ='oswego' or
Location ='oyster bay' or
Location ='palmyra' or
Location ='peekskill' or
Location ='plattsburgh' or
Location ='port washington' or
Location ='potsdam' or
Location ='poughkeepsie' or
Location ='queens' or
Location ='rensselaer' or
Location ='rotterdam' or
Location ='rye' or
Location ='sag harbor' or
Location ='saranac lake' or
Location ='saratoga springs' or
Location ='scarsdale' or
Location ='schenectady' or
Location ='seneca falls' or
Location ='southampton' or
Location ='staten island' or
Location ='stony brook' or
Location ='stony point' or
Location ='syracuse' or
Location ='tarrytown' or
Location ='ticonderoga' or
Location ='tonawanda' or
Location ='utica' or
Location ='watervliet' or
Location ='watkins glen' or
Location ='west seneca' or
Location ='white plains' or
Location ='woodstock' or
Location ='yonkers' or
Location ='north carolina' or
Location ='asheboro' or
Location ='asheville' or
Location ='beaufort' or
Location ='chapel hill' or
Location ='charlotte' or
Location ='edenton' or
Location ='elizabeth city' or
Location ='gastonia' or
Location ='goldsboro' or
Location ='greensboro' or
Location ='halifax' or
Location ='hickory' or
Location ='high point' or
Location ='kinston' or
Location ='kitty hawk' or
Location ='lumberton' or
Location ='morehead city' or
Location ='morganton' or
Location ='nags head' or
Location ='new bern' or
Location ='pinehurst' or
Location ='raleigh' or
Location ='rocky mount' or
Location ='shelby' or
Location ='wilson' or
Location ='winston-salem' or
Location ='north dakota' or
Location ='bismarck' or
Location ='devils lake' or
Location ='dickinson' or
Location ='fargo' or
Location ='grand forks' or
Location ='mandan' or
Location ='minot' or
Location ='rugby' or
Location ='valley city' or
Location ='wahpeton' or
Location ='williston' or
Location ='ohio' or
Location ='akron' or
Location ='alliance' or
Location ='ashtabula' or
Location ='barberton' or
Location ='bellefontaine' or
Location ='cincinnati' or
Location ='cleveland' or
Location ='cleveland heights' or
Location ='conneaut' or
Location ='cuyahoga falls' or
Location ='dayton' or
Location ='defiance' or
Location ='east cleveland' or
Location ='east liverpool' or
Location ='elyria' or
Location ='euclid' or
Location ='findlay' or
Location ='gallipolis' or
Location ='hamilton' or
Location ='kent' or
Location ='kettering' or
Location ='lima' or
Location ='lorain' or
Location ='martins ferry' or
Location ='massillon' or
Location ='mentor' or
Location ='milan' or
Location ='new philadelphia' or
Location ='north college hill' or
Location ='oberlin' or
Location ='painesville' or
Location ='parma' or
Location ='piqua' or
Location ='put-in-bay' or
Location ='sandusky' or
Location ='shaker heights' or
Location ='steubenville' or
Location ='tiffin' or
Location ='toledo' or
Location ='wooster' or
Location ='worthington' or
Location ='xenia' or
Location ='yellow springs' or
Location ='youngstown' or
Location ='zanesville' or
Location ='oklahoma' or
Location ='ada' or
Location ='altus' or
Location ='alva' or
Location ='anadarko' or
Location ='ardmore' or
Location ='bartlesville' or
Location ='bethany' or
Location ='chickasha' or
Location ='claremore' or
Location ='cushing' or
Location ='duncan' or
Location ='durant' or
Location ='edmond' or
Location ='el reno' or
Location ='elk city' or
Location ='enid' or
Location ='guthrie' or
Location ='guymon' or
Location ='holdenville' or
Location ='hugo' or
Location ='lawton' or
Location ='mcalester' or
Location ='midwest city' or
Location ='moore' or
Location ='muskogee' or
Location ='norman' or
Location ='oklahoma city' or
Location ='okmulgee' or
Location ='pauls valley' or
Location ='pawhuska' or
Location ='perry' or
Location ='ponca city' or
Location ='pryor' or
Location ='sallisaw' or
Location ='sand springs' or
Location ='sapulpa' or
Location ='seminole' or
Location ='tahlequah' or
Location ='the village' or
Location ='tulsa' or
Location ='vinita' or
Location ='wewoka' or
Location ='woodward' or
Location ='astoria' or
Location ='baker city' or
Location ='beaverton' or
Location ='bend' or
Location ='brookings' or
Location ='burns' or
Location ='coos bay' or
Location ='corvallis' or
Location ='eugene' or
Location ='grants pass' or
Location ='hillsboro' or
Location ='hood river' or
Location ='john day' or
Location ='klamath falls' or
Location ='la grande' or
Location ='lake oswego' or
Location ='lakeview' or
Location ='mcminnville' or
Location ='newberg' or
Location ='oregon city' or
Location ='pendleton' or
Location ='port orford' or
Location ='prineville' or
Location ='redmond' or
Location ='reedsport' or
Location ='roseburg' or
Location ='seaside' or
Location ='the dalles' or
Location ='tillamook' or
Location ='pennsylvania' or
Location ='aliquippa' or
Location ='allentown' or
Location ='altoona' or
Location ='ambridge' or
Location ='bethlehem' or
Location ='bloomsburg' or
Location ='bradford' or
Location ='carlisle' or
Location ='chambersburg' or
Location ='erie' or
Location ='germantown' or
Location ='gettysburg' or
Location ='greensburg' or
Location ='harmony' or
Location ='hazleton' or
Location ='hershey' or
Location ='honesdale' or
Location ='jeannette' or
Location ='jim thorpe' or
Location ='lock haven' or
Location ='lower southampton' or
Location ='mckeesport' or
Location ='meadville' or
Location ='monroeville' or
Location ='nanticoke' or
Location ='new hope' or
Location ='new kensington' or
Location ='norristown' or
Location ='oil city' or
Location ='phoenixville' or
Location ='pittsburgh' or
Location ='pottstown' or
Location ='pottsville' or
Location ='reading' or
Location ='scranton' or
Location ='shamokin' or
Location ='sharon' or
Location ='state college' or
Location ='stroudsburg' or
Location ='sunbury' or
Location ='swarthmore' or
Location ='tamaqua' or
Location ='uniontown' or
Location ='west chester' or
Location ='wilkes-barre' or
Location ='williamsport' or
Location ='rhode island' or
Location ='barrington' or
Location ='central falls' or
Location ='cranston' or
Location ='east greenwich' or
Location ='east providence' or
Location ='narragansett' or
Location ='north kingstown' or
Location ='pawtucket' or
Location ='providence' or
Location ='south kingstown' or
Location ='tiverton' or
Location ='warwick' or
Location ='westerly' or
Location ='wickford' or
Location ='woonsocket' or
Location ='south carolina' or
Location ='aiken' or
Location ='darlington' or
Location ='gaffney' or
Location ='hartsville' or
Location ='myrtle beach' or
Location ='orangeburg' or
Location ='rock hill' or
Location ='spartanburg' or
Location ='sumter' or
Location ='south dakota' or
Location ='belle fourche' or
Location ='custer' or
Location ='de smet' or
Location ='deadwood' or
Location ='huron' or
Location ='lead' or
Location ='milbank' or
Location ='mitchell' or
Location ='mobridge' or
Location ='pierre' or
Location ='rapid city' or
Location ='sioux falls' or
Location ='spearfish' or
Location ='sturgis' or
Location ='vermillion' or
Location ='yankton' or
Location ='tennessee' or
Location ='alcoa' or
Location ='chattanooga' or
Location ='clarksville' or
Location ='cookeville' or
Location ='elizabethton' or
Location ='gallatin' or
Location ='gatlinburg' or
Location ='greeneville' or
Location ='johnson city' or
Location ='jonesborough' or
Location ='kingsport' or
Location ='knoxville' or
Location ='memphis' or
Location ='murfreesboro' or
Location ='norris' or
Location ='oak ridge' or
Location ='tullahoma' or
Location ='texas' or
Location ='alpine' or
Location ='amarillo' or
Location ='baytown' or
Location ='beaumont' or
Location ='big spring' or
Location ='borger' or
Location ='brownsville' or
Location ='bryan' or
Location ='canyon' or
Location ='cleburne' or
Location ='college station' or
Location ='corpus christi' or
Location ='crystal city' or
Location ='dallas' or
Location ='del rio' or
Location ='denison' or
Location ='denton' or
Location ='eagle pass' or
Location ='edinburg' or
Location ='el paso' or
Location ='fort worth' or
Location ='galveston' or
Location ='garland' or
Location ='goliad' or
Location ='harlingen' or
Location ='houston' or
Location ='irving' or
Location ='kilgore' or
Location ='killeen' or
Location ='kingsville' or
Location ='laredo' or
Location ='longview' or
Location ='lubbock' or
Location ='lufkin' or
Location ='marshall' or
Location ='mcallen' or
Location ='mckinney' or
Location ='mesquite' or
Location ='mission' or
Location ='nacogdoches' or
Location ='new braunfels' or
Location ='odessa' or
Location ='pampa' or
Location ='pecos' or
Location ='pharr' or
Location ='plainview' or
Location ='plano' or
Location ='port arthur' or
Location ='port lavaca' or
Location ='richardson' or
Location ='san angelo' or
Location ='san antonio' or
Location ='san felipe' or
Location ='san marcos' or
Location ='sherman' or
Location ='sweetwater' or
Location ='temple' or
Location ='texarkana' or
Location ='texas city' or
Location ='tyler' or
Location ='uvalde' or
Location ='victoria' or
Location ='waco' or
Location ='weatherford' or
Location ='wichita falls' or
Location ='ysleta' or
Location ='utah' or
Location ='alta' or
Location ='american fork' or
Location ='bountiful' or
Location ='brigham city' or
Location ='cedar city' or
Location ='clearfield' or
Location ='delta' or
Location ='fillmore' or
Location ='green river' or
Location ='heber city' or
Location ='kanab' or
Location ='layton' or
Location ='lehi' or
Location ='logan' or
Location ='manti' or
Location ='moab' or
Location ='monticello' or
Location ='murray' or
Location ='nephi' or
Location ='ogden' or
Location ='orderville' or
Location ='orem' or
Location ='panguitch' or
Location ='park city' or
Location ='payson' or
Location ='price' or
Location ='provo' or
Location ='saint george' or
Location ='salt lake city' or
Location ='spanish fork' or
Location ='springville' or
Location ='tooele' or
Location ='vernal' or
Location ='vermont' or
Location ='barre' or
Location ='bellows falls' or
Location ='bennington' or
Location ='brattleboro' or
Location ='essex' or
Location ='middlebury' or
Location ='montpelier' or
Location ='rutland' or
Location ='saint albans' or
Location ='saint johnsbury' or
Location ='winooski' or
Location ='abingdon' or
Location ='charlottesville' or
Location ='chesapeake' or
Location ='fairfax' or
Location ='falls church' or
Location ='fredericksburg' or
Location ='hampton' or
Location ='hopewell' or
Location ='lynchburg' or
Location ='manassas' or
Location ='martinsville' or
Location ='new market' or
Location ='newport news' or
Location ='reston' or
Location ='roanoke' or
Location ='staunton' or
Location ='suffolk' or
Location ='virginia beach' or
Location ='waynesboro' or
Location ='williamsburg' or
Location ='winchester' or
Location ='anacortes' or
Location ='bellingham' or
Location ='bremerton' or
Location ='coulee dam' or
Location ='coupeville' or
Location ='ellensburg' or
Location ='ephrata' or
Location ='hoquiam' or
Location ='kelso' or
Location ='kennewick' or
Location ='moses lake' or
Location ='oak harbor' or
Location ='olympia' or
Location ='pasco' or
Location ='point roberts' or
Location ='port angeles' or
Location ='pullman' or
Location ='puyallup' or
Location ='renton' or
Location ='richland' or
Location ='seattle' or
Location ='spokane' or
Location ='tacoma' or
Location ='vancouver' or
Location ='walla walla' or
Location ='wenatchee' or
Location ='yakima' or
Location ='west virginia' or
Location ='beckley' or
Location ='bluefield' or
Location ='buckhannon' or
Location ='charles town' or
Location ='clarksburg' or
Location ='elkins' or
Location ='fairmont' or
Location ='grafton' or
Location ='harpers ferry' or
Location ='hinton' or
Location ='keyser' or
Location ='lewisburg' or
Location ='martinsburg' or
Location ='morgantown' or
Location ='moundsville' or
Location ='new martinsville' or
Location ='parkersburg' or
Location ='philippi' or
Location ='point pleasant' or
Location ='romney' or
Location ='shepherdstown' or
Location ='south charleston' or
Location ='summersville' or
Location ='weirton' or
Location ='welch' or
Location ='wellsburg' or
Location ='weston' or
Location ='wheeling' or
Location ='white sulphur springs' or
Location ='williamson' or
Location ='wisconsin' or
Location ='appleton' or
Location ='baraboo' or
Location ='beloit' or
Location ='eau claire' or
Location ='fond du lac' or
Location ='green bay' or
Location ='janesville' or
Location ='kenosha' or
Location ='la crosse' or
Location ='lake geneva' or
Location ='manitowoc' or
Location ='marinette' or
Location ='menasha' or
Location ='milwaukee' or
Location ='neenah' or
Location ='new glarus' or
Location ='oconto' or
Location ='oshkosh' or
Location ='peshtigo' or
Location ='portage' or
Location ='prairie du chien' or
Location ='racine' or
Location ='rhinelander' or
Location ='ripon' or
Location ='sheboygan' or
Location ='spring green' or
Location ='stevens point' or
Location ='sturgeon bay' or
Location ='superior' or
Location ='waukesha' or
Location ='wausau' or
Location ='wauwatosa' or
Location ='west allis' or
Location ='west bend' or
Location ='wisconsin dells' or
Location ='wyoming' or
Location ='casper' or
Location ='cheyenne' or
Location ='cody' or
Location ='gillette' or
Location ='lander' or
Location ='laramie' or
Location ='newcastle' or
Location ='powell' or
Location ='rawlins' or
Location ='riverton' or
Location ='rock springs' or
Location ='sheridan' or
Location ='ten sleep' or
Location ='thermopolis' or
Location ='worland' or
